date,open,high,low,close,volume,split,dividend
2024-06-03,1.7599999904632568,1.7699999809265137,1.6699999570846558,1.75,299200,1.0,0.0
2024-06-04,1.7300000190734863,1.7699999809265137,1.659999966621399,1.7599999904632568,190000,1.0,0.0
2024-06-05,1.7799999713897705,1.840000033378601,1.7300000190734863,1.7899999618530273,320000,1.0,0.0
2024-06-06,1.7899999618530273,1.9800000190734863,1.7599999904632568,1.9199999570846558,552800,1.0,0.0
2024-06-07,1.9199999570846558,1.9700000286102295,1.840000033378601,1.8899999856948853,183500,1.0,0.0
2024-06-10,1.7699999809265137,1.899999976158142,1.7400000095367432,1.8899999856948853,240800,1.0,0.0
2024-06-11,1.940000057220459,1.940000057220459,1.840000033378601,1.8899999856948853,80800,1.0,0.0
2024-06-12,1.909999966621399,1.9199999570846558,1.809999942779541,1.899999976158142,186700,1.0,0.0
2024-06-13,1.8899999856948853,1.9199999570846558,1.8200000524520874,1.840000033378601,103400,1.0,0.0
2024-06-14,1.8300000429153442,1.8799999952316284,1.8300000429153442,1.850000023841858,109800,1.0,0.0
2024-06-17,1.840000033378601,1.8799999952316284,1.7200000286102295,1.850000023841858,688200,1.0,0.0
2024-06-18,1.8300000429153442,1.8799999952316284,1.8200000524520874,1.850000023841858,212900,1.0,0.0
2024-06-20,1.8300000429153442,1.899999976158142,1.8200000524520874,1.8300000429153442,172400,1.0,0.0
2024-06-21,1.8300000429153442,1.8799999952316284,1.7899999618530273,1.840000033378601,204100,1.0,0.0
2024-06-24,1.8300000429153442,1.8600000143051147,1.7899999618530273,1.840000033378601,145600,1.0,0.0
2024-06-25,1.8600000143051147,1.8799999952316284,1.7400000095367432,1.7400000095367432,91500,1.0,0.0
2024-06-26,1.7100000381469727,1.7799999713897705,1.7100000381469727,1.7400000095367432,101000,1.0,0.0
2024-06-27,1.7300000190734863,1.7699999809265137,1.7300000190734863,1.7599999904632568,57700,1.0,0.0
2024-06-28,1.75,1.7599999904632568,1.6799999475479126,1.7599999904632568,292500,1.0,0.0
2024-07-01,1.7599999904632568,1.7699999809265137,1.6699999570846558,1.6699999570846558,105200,1.0,0.0
2024-07-02,1.6799999475479126,1.7200000286102295,1.659999966621399,1.690000057220459,97800,1.0,0.0
2024-07-03,1.7000000476837158,1.7699999809265137,1.7000000476837158,1.7699999809265137,25100,1.0,0.0
2024-07-05,1.7400000095367432,1.7599999904632568,1.6699999570846558,1.7200000286102295,119200,1.0,0.0
2024-07-08,1.7000000476837158,1.840000033378601,1.7000000476837158,1.8200000524520874,196500,1.0,0.0
2024-07-09,1.8200000524520874,1.8899999856948853,1.7799999713897705,1.8300000429153442,143200,1.0,0.0
2024-07-10,1.8300000429153442,2.0299999713897705,1.8200000524520874,1.9299999475479126,346700,1.0,0.0
2024-07-11,2.009999990463257,2.190000057220459,1.9900000095367432,2.109999895095825,336400,1.0,0.0
2024-07-12,2.1700000762939453,2.2799999713897705,2.069999933242798,2.130000114440918,268200,1.0,0.0
2024-07-15,2.130000114440918,2.1700000762939453,2.049999952316284,2.1500000953674316,102000,1.0,0.0
2024-07-16,2.1600000858306885,2.1600000858306885,2.0399999618530273,2.0799999237060547,125700,1.0,0.0
2024-07-17,2.049999952316284,2.0799999237060547,1.899999976158142,2.0299999713897705,206800,1.0,0.0
2024-07-18,2.009999990463257,2.059999942779541,1.8700000047683716,1.899999976158142,164000,1.0,0.0
2024-07-19,1.8799999952316284,1.9600000381469727,1.8799999952316284,1.9199999570846558,56300,1.0,0.0
2024-07-22,1.940000057220459,1.9900000095367432,1.8899999856948853,1.9500000476837158,82000,1.0,0.0
2024-07-23,1.9199999570846558,1.9800000190734863,1.8700000047683716,1.940000057220459,96200,1.0,0.0
2024-07-24,1.9299999475479126,1.9500000476837158,1.8600000143051147,1.899999976158142,72700,1.0,0.0
2024-07-25,1.8899999856948853,1.9199999570846558,1.809999942779541,1.850000023841858,121000,1.0,0.0
2024-07-26,1.8200000524520874,1.9700000286102295,1.8200000524520874,1.8899999856948853,82900,1.0,0.0
2024-07-29,1.8899999856948853,1.9500000476837158,1.840000033378601,1.840000033378601,83000,1.0,0.0
2024-07-30,1.8600000143051147,1.8600000143051147,1.7799999713897705,1.8200000524520874,91400,1.0,0.0
2024-07-31,1.8300000429153442,1.8600000143051147,1.7799999713897705,1.8300000429153442,66300,1.0,0.0
2024-08-01,1.8300000429153442,1.8799999952316284,1.7999999523162842,1.8300000429153442,72300,1.0,0.0
2024-08-02,1.7799999713897705,1.8200000524520874,1.7100000381469727,1.7599999904632568,67100,1.0,0.0
2024-08-05,1.6399999856948853,1.7999999523162842,1.600000023841858,1.7300000190734863,194200,1.0,0.0
2024-08-06,1.7899999618530273,1.8200000524520874,1.7300000190734863,1.7699999809265137,80000,1.0,0.0
2024-08-07,1.809999942779541,1.840000033378601,1.7300000190734863,1.7699999809265137,101000,1.0,0.0
2024-08-08,2.059999942779541,2.190000057220459,1.9299999475479126,2.140000104904175,658000,1.0,0.0
2024-08-09,2.200000047683716,2.2799999713897705,2.0799999237060547,2.1700000762939453,261400,1.0,0.0
2024-08-12,2.2300000190734863,2.4000000953674316,2.180000066757202,2.380000114440918,303200,1.0,0.0
2024-08-13,2.430000066757202,2.4700000286102295,2.3299999237060547,2.4000000953674316,316900,1.0,0.0
2024-08-14,2.380000114440918,2.4000000953674316,2.1600000858306885,2.359999895095825,355400,1.0,0.0
2024-08-15,2.450000047683716,2.619999885559082,2.3499999046325684,2.559999942779541,630500,1.0,0.0
2024-08-16,2.640000104904175,2.640000104904175,2.490000009536743,2.5799999237060547,255200,1.0,0.0
2024-08-19,2.559999942779541,2.990000009536743,2.559999942779541,2.9100000858306885,1128200,1.0,0.0
2024-08-20,3.0899999141693115,3.2300000190734863,2.8499999046325684,2.990000009536743,1070600,1.0,0.0
2024-08-21,3.130000114440918,3.2100000381469727,3.0199999809265137,3.0999999046325684,811000,1.0,0.0
2024-08-22,3.1500000953674316,3.1500000953674316,2.9000000953674316,2.9600000381469727,471800,1.0,0.0
2024-08-23,3.0,3.109999895095825,2.8499999046325684,3.0399999618530273,552300,1.0,0.0
2024-08-26,3.0799999237060547,3.200000047683716,3.0199999809265137,3.059999942779541,565200,1.0,0.0
2024-08-27,3.0299999713897705,3.109999895095825,2.9800000190734863,3.069999933242798,401900,1.0,0.0
2024-08-28,3.0899999141693115,3.0999999046325684,2.9600000381469727,3.0299999713897705,275800,1.0,0.0
2024-08-29,3.009999990463257,3.0399999618530273,2.8499999046325684,2.930000066757202,366100,1.0,0.0
2024-08-30,2.9600000381469727,2.9800000190734863,2.7799999713897705,2.859999895095825,328700,1.0,0.0
2024-09-03,2.9000000953674316,3.430000066757202,2.9000000953674316,3.240000009536743,1507600,1.0,0.0
2024-09-04,3.2100000381469727,3.2699999809265137,3.0199999809265137,3.130000114440918,519300,1.0,0.0
2024-09-05,3.119999885559082,3.130000114440918,2.9200000762939453,3.0399999618530273,504000,1.0,0.0
2024-09-06,3.059999942779541,3.0799999237060547,2.9100000858306885,2.9800000190734863,369700,1.0,0.0
2024-09-09,3.049999952316284,3.5899999141693115,3.049999952316284,3.5299999713897705,1167000,1.0,0.0
2024-09-10,3.4700000286102295,3.940000057220459,3.4600000381469727,3.7899999618530273,1555100,1.0,0.0
2024-09-11,3.869999885559082,4.380000114440918,3.869999885559082,4.099999904632568,1994000,1.0,0.0
2024-09-12,4.139999866485596,4.380000114440918,4.039999961853027,4.159999847412109,1024100,1.0,0.0
2024-09-13,4.199999809265137,4.199999809265137,3.6600000858306885,3.880000114440918,833500,1.0,0.0
2024-09-16,3.930000066757202,4.150000095367432,3.819999933242798,3.8499999046325684,625100,1.0,0.0
2024-09-17,3.859999895095825,4.139999866485596,3.859999895095825,3.940000057220459,453600,1.0,0.0
2024-09-18,3.940000057220459,4.119999885559082,3.880000114440918,4.019999980926514,477700,1.0,0.0
2024-09-19,4.090000152587891,4.449999809265137,4.090000152587891,4.139999866485596,826400,1.0,0.0
2024-09-20,4.190000057220459,4.570000171661377,4.150000095367432,4.400000095367432,1019400,1.0,0.0
2024-09-23,4.400000095367432,4.429999828338623,3.9200000762939453,3.9200000762939453,1046200,1.0,0.0
2024-09-24,3.9800000190734863,4.070000171661377,3.7799999713897705,3.7899999618530273,594200,1.0,0.0
2024-09-25,3.7799999713897705,3.859999895095825,3.630000114440918,3.740000009536743,828200,1.0,0.0
2024-09-26,3.7899999618530273,3.880000114440918,3.6700000762939453,3.7699999809265137,400000,1.0,0.0
2024-09-27,3.7799999713897705,3.859999895095825,3.5399999618530273,3.6600000858306885,563000,1.0,0.0
2024-09-30,3.630000114440918,3.9700000286102295,3.5899999141693115,3.9700000286102295,723700,1.0,0.0
2024-10-01,3.930000066757202,3.940000057220459,3.5799999237060547,3.680000066757202,615800,1.0,0.0
2024-10-02,3.5999999046325684,3.7300000190734863,3.559999942779541,3.640000104904175,241400,1.0,0.0
2024-10-03,3.5299999713897705,3.6600000858306885,3.4700000286102295,3.559999942779541,400700,1.0,0.0
2024-10-04,3.5799999237060547,3.6700000762939453,3.5299999713897705,3.640000104904175,302400,1.0,0.0
2024-10-07,3.640000104904175,3.799999952316284,3.609999895095825,3.6500000953674316,379400,1.0,0.0
2024-10-08,3.630000114440918,3.6500000953674316,3.369999885559082,3.4000000953674316,590700,1.0,0.0
2024-10-09,3.380000114440918,3.4100000858306885,3.0999999046325684,3.359999895095825,614600,1.0,0.0
2024-10-10,3.359999895095825,3.369999885559082,3.25,3.2799999713897705,310200,1.0,0.0
2024-10-11,3.25,3.5199999809265137,3.25,3.440000057220459,400800,1.0,0.0
2024-10-14,3.4800000190734863,3.5299999713897705,3.390000104904175,3.490000009536743,315600,1.0,0.0
2024-10-15,3.490000009536743,3.490000009536743,3.319999933242798,3.440000057220459,242100,1.0,0.0
2024-10-16,3.440000057220459,3.549999952316284,3.4000000953674316,3.5299999713897705,344600,1.0,0.0
2024-10-17,3.5899999141693115,3.7100000381469727,3.549999952316284,3.5799999237060547,411700,1.0,0.0
2024-10-18,3.569999933242798,3.5999999046325684,3.4200000762939453,3.4600000381469727,326400,1.0,0.0
2024-10-21,3.4700000286102295,3.5199999809265137,3.4000000953674316,3.4800000190734863,166200,1.0,0.0
2024-10-22,3.4700000286102295,3.5199999809265137,3.4200000762939453,3.4600000381469727,112200,1.0,0.0
2024-10-23,3.4600000381469727,3.6600000858306885,3.4200000762939453,3.490000009536743,381900,1.0,0.0
2024-10-24,3.5799999237060547,3.6500000953674316,3.5199999809265137,3.609999895095825,306900,1.0,0.0
2024-10-25,3.609999895095825,3.809999942779541,3.5399999618530273,3.75,376300,1.0,0.0
2024-10-28,3.869999885559082,4.03000020980835,3.7100000381469727,3.8299999237060547,644000,1.0,0.0
2024-10-29,3.8499999046325684,4.019999980926514,3.799999952316284,3.9600000381469727,443000,1.0,0.0
2024-10-30,3.9200000762939453,3.950000047683716,3.5,3.700000047683716,665900,1.0,0.0
2024-10-31,3.680000066757202,3.7300000190734863,3.549999952316284,3.6500000953674316,182200,1.0,0.0
2024-11-01,3.700000047683716,3.880000114440918,3.700000047683716,3.7899999618530273,322500,1.0,0.0
2024-11-04,3.799999952316284,4.03000020980835,3.7799999713897705,3.890000104904175,438700,1.0,0.0
2024-11-05,3.880000114440918,4.179999828338623,3.799999952316284,4.099999904632568,513500,1.0,0.0
2024-11-06,4.139999866485596,4.179999828338623,3.950000047683716,4.130000114440918,531600,1.0,0.0
2024-11-07,4.150000095367432,4.320000171661377,4.03000020980835,4.190000057220459,454200,1.0,0.0
2024-11-08,4.400000095367432,4.679999828338623,4.21999979019165,4.429999828338623,1440100,1.0,0.0
2024-11-11,4.760000228881836,5.150000095367432,4.599999904632568,4.650000095367432,1946300,1.0,0.0
2024-11-12,3.4800000190734863,3.619999885559082,2.809999942779541,2.8299999237060547,6479100,1.0,0.0
2024-11-13,3.0,3.0399999618530273,2.569999933242798,2.630000114440918,2833000,1.0,0.0
2024-11-14,2.6600000858306885,2.6700000762939453,2.4100000858306885,2.490000009536743,1983200,1.0,0.0
2024-11-15,2.4000000953674316,2.4600000381469727,2.2699999809265137,2.359999895095825,1297300,1.0,0.0
2024-11-18,2.380000114440918,2.4700000286102295,2.3299999237060547,2.3499999046325684,844900,1.0,0.0
2024-11-19,2.359999895095825,2.5899999141693115,2.319999933242798,2.490000009536743,1014800,1.0,0.0
2024-11-20,2.509999990463257,2.5199999809265137,2.2699999809265137,2.3299999237060547,718900,1.0,0.0
2024-11-21,2.3299999237060547,2.359999895095825,2.1500000953674316,2.200000047683716,1069700,1.0,0.0
2024-11-22,2.200000047683716,2.309999942779541,2.180000066757202,2.25,659100,1.0,0.0
2024-11-25,2.299999952316284,2.4000000953674316,2.2300000190734863,2.309999942779541,1332700,1.0,0.0
2024-11-26,2.259999990463257,2.299999952316284,2.190000057220459,2.25,788900,1.0,0.0
2024-11-27,2.2699999809265137,2.319999933242798,2.200000047683716,2.2200000286102295,505100,1.0,0.0
2024-11-29,2.2699999809265137,2.2899999618530273,2.2100000381469727,2.2899999618530273,413000,1.0,0.0
2024-12-02,2.2799999713897705,2.2899999618530273,2.200000047683716,2.240000009536743,639500,1.0,0.0
2024-12-03,2.240000009536743,2.25,2.1500000953674316,2.200000047683716,886500,1.0,0.0
2024-12-04,2.2100000381469727,2.2899999618530273,2.2100000381469727,2.2300000190734863,480100,1.0,0.0
2024-12-05,2.2300000190734863,2.240000009536743,2.130000114440918,2.180000066757202,615200,1.0,0.0
2024-12-06,2.200000047683716,2.200000047683716,2.109999895095825,2.130000114440918,608600,1.0,0.0
2024-12-09,2.119999885559082,2.1700000762939453,2.0899999141693115,2.140000104904175,549800,1.0,0.0
2024-12-10,2.1600000858306885,2.1600000858306885,2.049999952316284,2.0799999237060547,547700,1.0,0.0
2024-12-11,2.0899999141693115,2.0999999046325684,2.0,2.0399999618530273,744600,1.0,0.0
2024-12-12,2.0399999618530273,2.0899999141693115,2.009999990463257,2.069999933242798,464300,1.0,0.0
2024-12-13,2.049999952316284,2.0999999046325684,2.0299999713897705,2.0399999618530273,442500,1.0,0.0
2024-12-16,2.0199999809265137,2.0899999141693115,1.9800000190734863,2.009999990463257,616400,1.0,0.0
2024-12-17,2.140000104904175,2.3399999141693115,2.109999895095825,2.2200000286102295,1342800,1.0,0.0
2024-12-18,2.2200000286102295,2.25,2.049999952316284,2.0899999141693115,650000,1.0,0.0
2024-12-19,2.130000114440918,2.1600000858306885,2.0399999618530273,2.049999952316284,435700,1.0,0.0
2024-12-20,2.0199999809265137,2.119999885559082,1.9800000190734863,2.0799999237060547,480200,1.0,0.0
2024-12-23,2.0799999237060547,2.140000104904175,2.0,2.109999895095825,402900,1.0,0.0
2024-12-24,2.130000114440918,2.1700000762939453,2.109999895095825,2.1500000953674316,137600,1.0,0.0
2024-12-26,2.119999885559082,2.1700000762939453,2.059999942779541,2.1600000858306885,346100,1.0,0.0
2024-12-27,2.1600000858306885,2.2100000381469727,2.0899999141693115,2.140000104904175,287700,1.0,0.0
2024-12-30,2.119999885559082,2.119999885559082,2.0399999618530273,2.049999952316284,535400,1.0,0.0
2024-12-31,2.049999952316284,2.0999999046325684,2.0299999713897705,2.0399999618530273,246200,1.0,0.0
2025-01-02,2.0399999618530273,2.240000009536743,2.0399999618530273,2.2200000286102295,583400,1.0,0.0
2025-01-03,2.200000047683716,2.359999895095825,2.200000047683716,2.3299999237060547,400200,1.0,0.0
2025-01-06,2.369999885559082,2.4100000858306885,2.240000009536743,2.259999990463257,389200,1.0,0.0
2025-01-07,2.240000009536743,2.2899999618530273,2.190000057220459,2.2300000190734863,220800,1.0,0.0
2025-01-08,2.2200000286102295,2.240000009536743,2.109999895095825,2.130000114440918,231800,1.0,0.0
2025-01-10,2.0999999046325684,2.109999895095825,2.0299999713897705,2.0799999237060547,308200,1.0,0.0
2025-01-13,2.049999952316284,2.049999952316284,1.9700000286102295,2.009999990463257,526800,1.0,0.0
2025-01-14,2.059999942779541,2.059999942779541,1.9800000190734863,2.0,252000,1.0,0.0
2025-01-15,2.0399999618530273,2.109999895095825,2.0199999809265137,2.0899999141693115,197500,1.0,0.0
2025-01-16,2.0799999237060547,2.130000114440918,2.059999942779541,2.0999999046325684,139600,1.0,0.0
2025-01-17,2.109999895095825,2.1700000762939453,2.0999999046325684,2.119999885559082,171600,1.0,0.0
2025-01-21,2.109999895095825,2.200000047683716,2.0799999237060547,2.190000057220459,278900,1.0,0.0
2025-01-22,2.200000047683716,2.2300000190734863,2.1600000858306885,2.180000066757202,145200,1.0,0.0
2025-01-23,2.2100000381469727,2.240000009536743,2.1600000858306885,2.2300000190734863,211000,1.0,0.0
2025-01-24,2.2300000190734863,2.2699999809265137,2.190000057220459,2.200000047683716,176200,1.0,0.0
2025-01-27,2.140000104904175,2.190000057220459,2.009999990463257,2.059999942779541,465500,1.0,0.0
2025-01-28,2.049999952316284,2.1500000953674316,1.9500000476837158,2.119999885559082,358000,1.0,0.0
2025-01-29,2.119999885559082,2.119999885559082,2.009999990463257,2.0399999618530273,175800,1.0,0.0
2025-01-30,2.059999942779541,2.119999885559082,2.059999942779541,2.069999933242798,178100,1.0,0.0
2025-01-31,2.0999999046325684,2.119999885559082,2.0,2.0399999618530273,177900,1.0,0.0
2025-02-03,2.0,2.0199999809265137,1.9199999570846558,2.0199999809265137,269700,1.0,0.0
2025-02-04,2.049999952316284,2.069999933242798,2.0199999809265137,2.059999942779541,168100,1.0,0.0
2025-02-05,2.069999933242798,2.0999999046325684,2.0,2.0199999809265137,167500,1.0,0.0
2025-02-06,2.0299999713897705,2.0799999237060547,1.9700000286102295,1.9800000190734863,224200,1.0,0.0
2025-02-07,2.0,2.049999952316284,1.8799999952316284,1.899999976158142,454800,1.0,0.0
2025-02-10,1.899999976158142,1.9299999475479126,1.8300000429153442,1.8700000047683716,431500,1.0,0.0
2025-02-11,1.8799999952316284,1.899999976158142,1.75,1.7899999618530273,469100,1.0,0.0
2025-02-12,1.7899999618530273,1.850000023841858,1.7599999904632568,1.8200000524520874,302800,1.0,0.0
2025-02-13,1.8300000429153442,1.8899999856948853,1.809999942779541,1.8600000143051147,266900,1.0,0.0
2025-02-14,1.8700000047683716,1.899999976158142,1.8300000429153442,1.850000023841858,187800,1.0,0.0
2025-02-18,1.899999976158142,1.9700000286102295,1.8700000047683716,1.899999976158142,272100,1.0,0.0
2025-02-19,1.9199999570846558,1.9199999570846558,1.840000033378601,1.850000023841858,168100,1.0,0.0
2025-02-20,1.850000023841858,1.850000023841858,1.7899999618530273,1.7999999523162842,162400,1.0,0.0
2025-02-21,1.7899999618530273,1.8300000429153442,1.75,1.7699999809265137,247500,1.0,0.0
2025-02-24,1.7899999618530273,1.7899999618530273,1.6799999475479126,1.75,274700,1.0,0.0
2025-02-25,1.7300000190734863,1.7699999809265137,1.659999966621399,1.6799999475479126,232600,1.0,0.0
2025-02-26,1.6799999475479126,1.7300000190734863,1.649999976158142,1.6699999570846558,115100,1.0,0.0
2025-02-27,1.6799999475479126,1.7300000190734863,1.6200000047683716,1.6299999952316284,142400,1.0,0.0
2025-02-28,1.6399999856948853,1.690000057220459,1.6100000143051147,1.6699999570846558,164300,1.0,0.0
2025-03-03,1.6799999475479126,1.7400000095367432,1.590000033378601,1.590000033378601,133600,1.0,0.0
2025-03-04,1.600000023841858,1.659999966621399,1.5099999904632568,1.6100000143051147,222200,1.0,0.0
2025-03-05,1.6100000143051147,1.6699999570846558,1.590000033378601,1.649999976158142,98100,1.0,0.0
2025-03-06,1.649999976158142,1.6699999570846558,1.5800000429153442,1.600000023841858,188600,1.0,0.0
2025-03-07,1.5800000429153442,1.6699999570846558,1.5800000429153442,1.6200000047683716,141900,1.0,0.0
2025-03-10,1.6100000143051147,1.6200000047683716,1.5,1.5399999618530273,351000,1.0,0.0
2025-03-11,1.5299999713897705,1.5800000429153442,1.4900000095367432,1.5199999809265137,221900,1.0,0.0
2025-03-12,1.5499999523162842,1.690000057220459,1.5299999713897705,1.6399999856948853,154800,1.0,0.0
2025-03-13,1.6399999856948853,1.6699999570846558,1.5700000524520874,1.6299999952316284,238500,1.0,0.0
2025-03-14,1.6399999856948853,1.75,1.6399999856948853,1.7000000476837158,111200,1.0,0.0
2025-03-17,1.7000000476837158,1.7899999618530273,1.7000000476837158,1.7699999809265137,138600,1.0,0.0
2025-03-18,1.7799999713897705,1.7799999713897705,1.7000000476837158,1.7300000190734863,98500,1.0,0.0
2025-03-19,1.7000000476837158,1.8600000143051147,1.7000000476837158,1.7599999904632568,400400,1.0,0.0
2025-03-20,1.399999976158142,1.5199999809265137,1.3300000429153442,1.399999976158142,1228800,1.0,0.0
2025-03-21,1.3899999856948853,1.4299999475479126,1.2599999904632568,1.350000023841858,656200,1.0,0.0
2025-03-24,1.350000023841858,1.3600000143051147,1.2599999904632568,1.2599999904632568,568700,1.0,0.0
2025-03-25,1.2599999904632568,1.2999999523162842,1.1799999475479126,1.2000000476837158,581000,1.0,0.0
2025-03-26,1.2000000476837158,1.2899999618530273,1.2000000476837158,1.2400000095367432,352300,1.0,0.0
2025-03-27,1.2400000095367432,1.2699999809265137,1.1799999475479126,1.2000000476837158,270400,1.0,0.0
2025-03-28,1.2000000476837158,1.25,1.1399999856948853,1.1399999856948853,255100,1.0,0.0
2025-03-31,1.1299999952316284,1.1399999856948853,1.0800000429153442,1.1299999952316284,167300,1.0,0.0
2025-04-01,1.100000023841858,1.1200000047683716,1.0700000524520874,1.0800000429153442,194700,1.0,0.0
2025-04-02,1.0700000524520874,1.1299999952316284,1.0700000524520874,1.1200000047683716,198800,1.0,0.0
2025-04-03,1.0700000524520874,1.1299999952316284,1.0099999904632568,1.0199999809265137,294000,1.0,0.0
2025-04-04,1.0,1.0099999904632568,0.9599999785423279,1.0,313900,1.0,0.0
2025-04-07,0.9300000071525574,1.0499999523162842,0.8600000143051147,0.9700000286102295,429100,1.0,0.0
2025-04-08,0.9700000286102295,1.059999942779541,0.9700000286102295,0.9900000095367432,229700,1.0,0.0
2025-04-09,0.9900000095367432,1.1100000143051147,0.9300000071525574,1.1100000143051147,238300,1.0,0.0
2025-04-10,1.0800000429153442,1.1100000143051147,1.0,1.0700000524520874,323900,1.0,0.0
2025-04-11,1.059999942779541,1.1100000143051147,1.0399999618530273,1.059999942779541,208900,1.0,0.0
2025-04-14,1.090000033378601,1.100000023841858,1.0199999809265137,1.0499999523162842,181200,1.0,0.0
2025-04-15,1.0399999618530273,1.0800000429153442,1.0199999809265137,1.0399999618530273,221300,1.0,0.0
2025-04-16,1.0199999809265137,1.059999942779541,1.0199999809265137,1.0299999713897705,141800,1.0,0.0
2025-04-17,1.0399999618530273,1.0499999523162842,1.0,1.0299999713897705,74200,1.0,0.0
2025-04-21,1.0299999713897705,1.059999942779541,1.0099999904632568,1.0199999809265137,96200,1.0,0.0
2025-04-22,1.0399999618530273,1.0499999523162842,1.0099999904632568,1.0499999523162842,224300,1.0,0.0
2025-04-23,1.059999942779541,1.1699999570846558,1.059999942779541,1.149999976158142,283400,1.0,0.0
2025-04-24,1.149999976158142,1.2000000476837158,1.1399999856948853,1.190000057220459,133000,1.0,0.0
2025-04-25,1.1799999475479126,1.2000000476837158,1.1399999856948853,1.1699999570846558,126800,1.0,0.0
2025-04-28,1.159999966621399,1.190000057220459,1.1100000143051147,1.1299999952316284,86800,1.0,0.0
2025-04-29,1.1200000047683716,1.1200000047683716,1.0700000524520874,1.100000023841858,128900,1.0,0.0
2025-04-30,1.059999942779541,1.100000023841858,1.0499999523162842,1.0800000429153442,66500,1.0,0.0
2025-05-01,1.090000033378601,1.1200000047683716,1.059999942779541,1.0800000429153442,82200,1.0,0.0
2025-05-02,1.2100000381469727,1.309999942779541,1.1799999475479126,1.2300000190734863,604800,1.0,0.0
2025-05-05,1.2300000190734863,1.25,1.159999966621399,1.190000057220459,194500,1.0,0.0
2025-05-06,1.190000057220459,1.2300000190734863,1.090000033378601,1.1100000143051147,293500,1.0,0.0
2025-05-07,1.100000023841858,1.1299999952316284,1.0800000429153442,1.1200000047683716,169600,1.0,0.0
2025-05-08,1.1200000047683716,1.2100000381469727,1.1200000047683716,1.1699999570846558,253700,1.0,0.0
2025-05-09,1.1699999570846558,1.1799999475479126,1.100000023841858,1.1200000047683716,152600,1.0,0.0
2025-05-12,1.2899999618530273,1.2999999523162842,1.0299999713897705,1.0399999618530273,775300,1.0,0.0
2025-05-13,1.059999942779541,1.090000033378601,1.0,1.0700000524520874,402700,1.0,0.0
2025-05-14,1.059999942779541,1.0700000524520874,1.0,1.0099999904632568,255500,1.0,0.0
2025-05-15,1.0199999809265137,1.0199999809265137,0.9599999785423279,0.9800000190734863,258100,1.0,0.0
2025-05-16,0.9900000095367432,1.0299999713897705,0.9800000190734863,1.0099999904632568,287600,1.0,0.0
2025-05-19,1.0099999904632568,1.0499999523162842,0.9900000095367432,1.0399999618530273,304800,1.0,0.0
2025-05-20,1.0499999523162842,1.090000033378601,1.0399999618530273,1.0700000524520874,170300,1.0,0.0
2025-05-21,1.0499999523162842,1.0700000524520874,0.9900000095367432,1.0,149200,1.0,0.0
2025-05-22,1.0199999809265137,1.0199999809265137,0.9800000190734863,1.0,117500,1.0,0.0
2025-05-23,0.9900000095367432,1.0099999904632568,0.949999988079071,0.9800000190734863,151800,1.0,0.0
2025-05-27,0.9800000190734863,1.0,0.9599999785423279,0.9599999785423279,120400,1.0,0.0
2025-05-28,0.9700000286102295,0.9900000095367432,0.949999988079071,0.9599999785423279,104200,1.0,0.0
2025-05-29,0.9599999785423279,0.9900000095367432,0.9300000071525574,0.9399999976158142,225000,1.0,0.0
2025-05-30,0.9300000071525574,0.9900000095367432,0.9100000262260437,0.9800000190734863,232400,1.0,0.0
2025-06-02,0.9800000190734863,1.0,0.9599999785423279,1.0,123700,1.0,0.0
2025-06-03,1.0,1.0700000524520874,0.9900000095367432,1.0099999904632568,300800,1.0,0.0
2025-06-04,1.0099999904632568,1.0199999809265137,0.9900000095367432,1.0099999904632568,97100,1.0,0.0
2025-06-05,1.0,1.0099999904632568,0.9700000286102295,0.9800000190734863,75000,1.0,0.0
2025-06-06,0.9800000190734863,1.0299999713897705,0.9700000286102295,1.0199999809265137,215900,1.0,0.0
2025-06-09,1.0299999713897705,1.0399999618530273,1.0,1.0299999713897705,150400,1.0,0.0
2025-06-10,1.0399999618530273,1.0800000429153442,1.0099999904632568,1.0299999713897705,229200,1.0,0.0
2025-06-11,1.0299999713897705,1.0299999713897705,0.9900000095367432,0.9900000095367432,74100,1.0,0.0
2025-06-12,0.9900000095367432,0.9900000095367432,0.9599999785423279,0.9700000286102295,153400,1.0,0.0
2025-06-13,0.9700000286102295,0.9700000286102295,0.9399999976158142,0.9399999976158142,229800,1.0,0.0
2025-06-16,0.949999988079071,1.0,0.9300000071525574,0.949999988079071,115700,1.0,0.0
2025-06-17,0.9399999976158142,0.9599999785423279,0.9100000262260437,0.9100000262260437,158600,1.0,0.0
2025-06-18,0.9200000166893005,0.9599999785423279,0.9100000262260437,0.9399999976158142,112100,1.0,0.0
2025-06-20,0.9300000071525574,0.9300000071525574,0.8899999856948853,0.8899999856948853,286300,1.0,0.0
2025-06-23,0.8899999856948853,0.8999999761581421,0.8700000047683716,0.8700000047683716,173200,1.0,0.0
2025-06-24,0.8999999761581421,0.9100000262260437,0.8600000143051147,0.8600000143051147,310600,1.0,0.0
2025-06-25,0.8600000143051147,0.8899999856948853,0.800000011920929,0.8299999833106995,387400,1.0,0.0
2025-06-26,0.8299999833106995,0.8399999737739563,0.7799999713897705,0.8100000023841858,344200,1.0,0.0
2025-06-27,0.8100000023841858,0.8199999928474426,0.7900000214576721,0.7900000214576721,271100,1.0,0.0
2025-06-30,0.8100000023841858,0.8700000047683716,0.8100000023841858,0.8500000238418579,224000,1.0,0.0
2025-07-01,0.8399999737739563,0.8399999737739563,0.800000011920929,0.8299999833106995,211300,1.0,0.0
2025-07-02,0.8100000023841858,0.8399999737739563,0.8100000023841858,0.8199999928474426,123600,1.0,0.0
2025-07-03,0.8100000023841858,0.8600000143051147,0.8100000023841858,0.8199999928474426,160900,1.0,0.0
2025-07-07,0.8299999833106995,0.8799999952316284,0.800000011920929,0.800000011920929,222800,1.0,0.0
2025-07-08,0.8399999737739563,0.9800000190734863,0.8100000023841858,0.9300000071525574,989100,1.0,0.0
2025-07-09,0.949999988079071,1.2100000381469727,0.9399999976158142,1.190000057220459,1527900,1.0,0.0
2025-07-10,1.340000033378601,1.4199999570846558,1.25,1.2899999618530273,1841900,1.0,0.0
2025-07-11,1.309999942779541,1.309999942779541,1.100000023841858,1.1299999952316284,922900,1.0,0.0
2025-07-14,1.1100000143051147,1.149999976158142,1.0299999713897705,1.1100000143051147,304700,1.0,0.0
2025-07-15,1.1100000143051147,1.1100000143051147,1.0299999713897705,1.090000033378601,455600,1.0,0.0
2025-07-16,1.090000033378601,1.1299999952316284,1.0700000524520874,1.0700000524520874,265900,1.0,0.0
2025-07-17,1.090000033378601,1.1299999952316284,1.0700000524520874,1.090000033378601,268900,1.0,0.0
2025-07-18,1.1100000143051147,1.1399999856948853,1.0800000429153442,1.100000023841858,248100,1.0,0.0
2025-07-21,1.1100000143051147,1.1799999475479126,1.100000023841858,1.1200000047683716,349900,1.0,0.0
2025-07-22,1.1200000047683716,1.159999966621399,1.0800000429153442,1.1299999952316284,214700,1.0,0.0
2025-07-23,1.1200000047683716,1.159999966621399,1.100000023841858,1.1200000047683716,277800,1.0,0.0
2025-07-24,1.1200000047683716,1.149999976158142,1.090000033378601,1.1200000047683716,195500,1.0,0.0
2025-07-25,1.1299999952316284,1.149999976158142,1.0499999523162842,1.0700000524520874,135800,1.0,0.0
2025-07-28,1.090000033378601,1.1100000143051147,1.0099999904632568,1.0299999713897705,222200,1.0,0.0
2025-07-29,1.0399999618530273,1.059999942779541,1.0,1.0199999809265137,167500,1.0,0.0
2025-07-30,1.0099999904632568,1.0499999523162842,0.949999988079071,0.9800000190734863,208400,1.0,0.0
2025-07-31,0.9800000190734863,1.0299999713897705,0.9100000262260437,0.9300000071525574,216700,1.0,0.0
2025-08-01,0.9300000071525574,0.9599999785423279,0.9200000166893005,0.9599999785423279,112000,1.0,0.0
2025-08-04,0.9599999785423279,1.0,0.949999988079071,0.9900000095367432,104500,1.0,0.0
2025-08-05,0.9900000095367432,1.0,0.9399999976158142,1.0,90700,1.0,0.0
2025-08-06,0.9800000190734863,1.0199999809265137,0.949999988079071,0.9700000286102295,137800,1.0,0.0
2025-08-07,1.0,1.0299999713897705,0.9599999785423279,0.9800000190734863,129100,1.0,0.0
2025-08-08,1.059999942779541,1.0700000524520874,0.9599999785423279,0.9599999785423279,126300,1.0,0.0
2025-08-11,0.9800000190734863,0.9800000190734863,0.9399999976158142,0.9399999976158142,131300,1.0,0.0
2025-08-12,0.949999988079071,1.0099999904632568,0.949999988079071,0.9700000286102295,179500,1.0,0.0
2025-08-13,1.0,1.0700000524520874,1.0,1.0499999523162842,335000,1.0,0.0
2025-08-14,0.9599999785423279,1.159999966621399,0.9599999785423279,1.0499999523162842,622500,1.0,0.0
2025-08-15,1.059999942779541,1.100000023841858,1.0,1.0199999809265137,123700,1.0,0.0
2025-08-18,1.0199999809265137,1.059999942779541,0.9900000095367432,1.0499999523162842,165100,1.0,0.0
2025-08-19,1.0499999523162842,1.0800000429153442,1.0099999904632568,1.0499999523162842,184200,1.0,0.0
2025-08-20,1.0499999523162842,1.059999942779541,1.0199999809265137,1.0499999523162842,108400,1.0,0.0
2025-08-21,1.0499999523162842,1.159999966621399,1.0399999618530273,1.159999966621399,423000,1.0,0.0
2025-08-22,1.159999966621399,1.2000000476837158,1.1299999952316284,1.1399999856948853,319300,1.0,0.0
2025-08-25,1.1399999856948853,1.6299999952316284,1.1200000047683716,1.2999999523162842,8173300,1.0,0.0
2025-08-26,1.409999966621399,1.4700000286102295,1.190000057220459,1.2400000095367432,4747400,1.0,0.0
2025-08-27,1.4500000476837158,1.5199999809265137,1.3300000429153442,1.4700000286102295,4943800,1.0,0.0
2025-08-28,1.590000033378601,1.8300000429153442,1.5,1.7999999523162842,6070200,1.0,0.0
2025-08-29,2.009999990463257,2.0999999046325684,1.3899999856948853,1.7100000381469727,7699600,1.0,0.0
2025-09-02,1.909999966621399,1.909999966621399,1.75,1.8300000429153442,7485200,1.0,0.0
2025-09-03,1.850000023841858,1.8799999952316284,1.659999966621399,1.7300000190734863,4045900,1.0,0.0
2025-09-04,1.7599999904632568,1.7599999904632568,1.659999966621399,1.6799999475479126,2145500,1.0,0.0
2025-09-05,1.690000057220459,1.7400000095367432,1.6100000143051147,1.6200000047683716,1905600,1.0,0.0
2025-09-08,1.659999966621399,1.6699999570846558,1.5199999809265137,1.590000033378601,2752600,1.0,0.0
2025-09-09,1.6100000143051147,1.850000023841858,1.600000023841858,1.7999999523162842,3986700,1.0,0.0
2025-09-10,1.7899999618530273,1.840000033378601,1.6200000047683716,1.649999976158142,2263300,1.0,0.0
2025-09-11,1.649999976158142,1.7200000286102295,1.6299999952316284,1.690000057220459,1579500,1.0,0.0
2025-09-12,1.7100000381469727,1.7200000286102295,1.600000023841858,1.6200000047683716,1423200,1.0,0.0
2025-09-15,1.659999966621399,1.7100000381469727,1.590000033378601,1.659999966621399,1873900,1.0,0.0
2025-09-16,1.6399999856948853,1.6799999475479126,1.6200000047683716,1.6799999475479126,1072800,1.0,0.0
2025-09-17,1.6799999475479126,1.7200000286102295,1.5700000524520874,1.6100000143051147,1805000,1.0,0.0
2025-09-18,1.5700000524520874,1.5800000429153442,1.2400000095367432,1.3300000429153442,4714700,1.0,0.0
2025-09-19,1.3700000047683716,1.409999966621399,1.3300000429153442,1.3300000429153442,1599700,1.0,0.0
2025-09-22,1.3300000429153442,1.3300000429153442,1.2699999809265137,1.309999942779541,1632100,1.0,0.0
2025-09-23,1.2699999809265137,1.3300000429153442,1.2400000095367432,1.2599999904632568,1068100,1.0,0.0
2025-09-24,1.2000000476837158,1.2899999618530273,1.190000057220459,1.2599999904632568,1121800,1.0,0.0
2025-09-25,1.2599999904632568,1.2799999713897705,1.190000057220459,1.2200000286102295,543000,1.0,0.0
2025-09-26,1.2200000286102295,1.2899999618530273,1.2100000381469727,1.2699999809265137,697200,1.0,0.0
2025-09-29,1.2699999809265137,1.2899999618530273,1.2200000286102295,1.2699999809265137,857800,1.0,0.0
2025-09-30,1.2200000286102295,1.2599999904632568,1.1699999570846558,1.2000000476837158,912400,1.0,0.0
2025-10-01,1.190000057220459,1.2100000381469727,1.1699999570846558,1.190000057220459,575300,1.0,0.0
2025-10-02,1.2200000286102295,1.2599999904632568,1.1799999475479126,1.2100000381469727,844500,1.0,0.0
2025-10-03,1.2000000476837158,1.2400000095367432,1.190000057220459,1.2200000286102295,694500,1.0,0.0
2025-10-06,1.1699999570846558,1.2100000381469727,1.1699999570846558,1.2100000381469727,711700,1.0,0.0
2025-10-07,1.190000057220459,1.2200000286102295,1.1699999570846558,1.190000057220459,857900,1.0,0.0
2025-10-08,1.1799999475479126,1.2200000286102295,1.159999966621399,1.2100000381469727,558400,1.0,0.0
2025-10-09,1.190000057220459,1.2300000190734863,1.1799999475479126,1.2100000381469727,501300,1.0,0.0
2025-10-10,1.2000000476837158,1.2100000381469727,1.100000023841858,1.100000023841858,926300,1.0,0.0
2025-10-13,1.0800000429153442,1.149999976158142,1.0800000429153442,1.1399999856948853,502900,1.0,0.0
2025-10-14,1.1399999856948853,1.2200000286102295,1.1100000143051147,1.2000000476837158,713900,1.0,0.0
2025-10-15,1.2000000476837158,1.2300000190734863,1.190000057220459,1.2000000476837158,519300,1.0,0.0
2025-10-16,1.190000057220459,1.2699999809265137,1.1799999475479126,1.190000057220459,765000,1.0,0.0
2025-10-17,1.190000057220459,1.2000000476837158,1.149999976158142,1.1699999570846558,347300,1.0,0.0
2025-10-20,1.2000000476837158,1.2100000381469727,1.159999966621399,1.190000057220459,370600,1.0,0.0
2025-10-21,1.190000057220459,1.190000057220459,1.149999976158142,1.1799999475479126,292900,1.0,0.0
2025-10-22,1.1799999475479126,1.190000057220459,1.1200000047683716,1.1399999856948853,396500,1.0,0.0
2025-10-23,1.1299999952316284,1.1699999570846558,1.1299999952316284,1.149999976158142,319600,1.0,0.0
2025-10-24,1.1399999856948853,1.190000057220459,1.1299999952316284,1.159999966621399,349400,1.0,0.0
2025-10-27,1.1799999475479126,1.1799999475479126,1.1399999856948853,1.1399999856948853,288300,1.0,0.0
2025-10-28,1.1399999856948853,1.149999976158142,1.100000023841858,1.1200000047683716,438000,1.0,0.0
2025-10-29,1.1100000143051147,1.1299999952316284,1.0800000429153442,1.090000033378601,416700,1.0,0.0
2025-10-30,1.0800000429153442,1.1200000047683716,1.0700000524520874,1.0800000429153442,303400,1.0,0.0
2025-10-31,1.0800000429153442,1.1699999570846558,1.0700000524520874,1.1100000143051147,432000,1.0,0.0
2025-11-03,1.100000023841858,1.100000023841858,1.059999942779541,1.0800000429153442,374500,1.0,0.0
2025-11-04,1.0499999523162842,1.0700000524520874,1.0099999904632568,1.0399999618530273,380300,1.0,0.0
2025-11-05,1.0299999713897705,1.090000033378601,1.0099999904632568,1.0399999618530273,425600,1.0,0.0
2025-11-06,1.0399999618530273,1.0700000524520874,1.0,1.0099999904632568,442900,1.0,0.0
2025-11-07,1.0,1.0199999809265137,0.9599999785423279,0.9900000095367432,717400,1.0,0.0
2025-11-10,1.0199999809265137,1.0700000524520874,1.0,1.0700000524520874,288800,1.0,0.0
2025-11-11,1.0499999523162842,1.059999942779541,1.0199999809265137,1.0499999523162842,414000,1.0,0.0
2025-11-12,0.949999988079071,1.0700000524520874,0.9399999976158142,0.9599999785423279,922000,1.0,0.0
2025-11-13,0.9800000190734863,0.9800000190734863,0.9100000262260437,0.9100000262260437,384200,1.0,0.0
2025-11-14,0.8999999761581421,0.9399999976158142,0.8899999856948853,0.9200000166893005,361200,1.0,0.0
2025-11-17,0.9399999976158142,0.9399999976158142,0.8600000143051147,0.8700000047683716,395800,1.0,0.0
2025-11-18,0.8700000047683716,0.8999999761581421,0.8600000143051147,0.8799999952316284,252300,1.0,0.0
2025-11-19,0.8700000047683716,0.8999999761581421,0.8399999737739563,0.8600000143051147,364600,1.0,0.0
2025-11-20,0.8600000143051147,0.9200000166893005,0.8500000238418579,0.8600000143051147,240000,1.0,0.0
2025-11-21,0.8799999952316284,0.8999999761581421,0.8399999737739563,0.8899999856948853,296700,1.0,0.0
2025-11-24,0.8799999952316284,0.9200000166893005,0.8700000047683716,0.9100000262260437,114700,1.0,0.0
2025-11-25,0.9100000262260437,0.9200000166893005,0.8899999856948853,0.9100000262260437,134200,1.0,0.0
2025-11-26,0.8999999761581421,0.9599999785423279,0.8899999856948853,0.9599999785423279,298800,1.0,0.0
2025-11-28,0.9599999785423279,1.0199999809265137,0.949999988079071,1.0,179300,1.0,0.0
2025-12-01,1.0299999713897705,1.0299999713897705,0.9399999976158142,0.9399999976158142,161200,1.0,0.0
2025-12-02,0.9300000071525574,0.9700000286102295,0.9300000071525574,0.949999988079071,145700,1.0,0.0
2025-12-03,0.9300000071525574,1.0,0.9100000262260437,1.0,121500,1.0,0.0
2025-12-04,0.9900000095367432,1.0199999809265137,0.9700000286102295,1.0199999809265137,165100,1.0,0.0
2025-12-05,1.0,1.0099999904632568,0.9900000095367432,0.9900000095367432,108500,1.0,0.0
2025-12-08,0.9900000095367432,0.9900000095367432,0.8700000047683716,0.9100000262260437,737000,1.0,0.0
2025-12-09,0.9100000262260437,0.949999988079071,0.9100000262260437,0.9399999976158142,98100,1.0,0.0
2025-12-10,0.9300000071525574,0.9700000286102295,0.9300000071525574,0.9599999785423279,154000,1.0,0.0
2025-12-11,0.9599999785423279,0.9599999785423279,0.9200000166893005,0.949999988079071,70200,1.0,0.0
2025-12-12,0.9399999976158142,0.9700000286102295,0.9200000166893005,0.9200000166893005,145700,1.0,0.0
2025-12-15,0.9300000071525574,0.9399999976158142,0.8600000143051147,0.8600000143051147,375300,1.0,0.0
2025-12-16,0.8600000143051147,0.8899999856948853,0.8199999928474426,0.8299999833106995,362000,1.0,0.0
2025-12-17,0.8399999737739563,0.8700000047683716,0.8199999928474426,0.8299999833106995,308300,1.0,0.0
2025-12-18,0.8199999928474426,0.8799999952316284,0.8199999928474426,0.8500000238418579,217100,1.0,0.0
2025-12-19,0.8500000238418579,0.8600000143051147,0.8100000023841858,0.8500000238418579,427700,1.0,0.0
2025-12-22,0.8299999833106995,0.8700000047683716,0.8199999928474426,0.8399999737739563,117600,1.0,0.0
2025-12-23,0.8299999833106995,0.8700000047683716,0.8100000023841858,0.8199999928474426,133400,1.0,0.0
2025-12-24,0.800000011920929,0.8100000023841858,0.7799999713897705,0.8100000023841858,246900,1.0,0.0
2025-12-26,0.800000011920929,0.8700000047683716,0.7900000214576721,0.8600000143051147,241000,1.0,0.0
2025-12-29,0.8399999737739563,0.8899999856948853,0.800000011920929,0.8100000023841858,259800,1.0,0.0
2025-12-30,0.8100000023841858,0.8299999833106995,0.800000011920929,0.8199999928474426,286200,1.0,0.0
2025-12-31,0.8100000023841858,0.8399999737739563,0.800000011920929,0.8299999833106995,296400,1.0,0.0
2026-01-02,0.8399999737739563,0.8799999952316284,0.8399999737739563,0.8600000143051147,162400,1.0,0.0
2026-01-05,0.9900000095367432,1.0,0.9100000262260437,0.9900000095367432,591000,1.0,0.0
2026-01-06,0.9900000095367432,0.9900000095367432,0.9200000166893005,0.9300000071525574,122400,1.0,0.0
2026-01-07,0.949999988079071,0.9599999785423279,0.9300000071525574,0.949999988079071,101200,1.0,0.0
2026-01-08,0.9599999785423279,1.0099999904632568,0.9300000071525574,0.9800000190734863,277600,1.0,0.0
2026-01-09,0.9800000190734863,0.9900000095367432,0.9300000071525574,0.9399999976158142,159100,1.0,0.0
2026-01-12,0.9700000286102295,1.0,0.949999988079071,1.0,221200,1.0,0.0
2026-01-13,0.9700000286102295,1.0,0.949999988079071,0.949999988079071,145000,1.0,0.0
2026-01-14,0.949999988079071,0.9800000190734863,0.9200000166893005,0.9599999785423279,137500,1.0,0.0
2026-01-15,0.9599999785423279,0.9900000095367432,0.949999988079071,0.949999988079071,153800,1.0,0.0
2026-01-16,0.9599999785423279,0.9900000095367432,0.949999988079071,0.9599999785423279,64600,1.0,0.0
2026-01-20,1.1100000143051147,1.2899999618530273,1.0800000429153442,1.2599999904632568,24185400,1.0,0.0
2026-01-21,1.2699999809265137,1.2899999618530273,1.159999966621399,1.2300000190734863,1907200,1.0,0.0
2026-01-22,1.2300000190734863,1.2300000190734863,1.1100000143051147,1.1200000047683716,1157600,1.0,0.0
2026-01-23,1.100000023841858,1.2000000476837158,1.100000023841858,1.149999976158142,563800,1.0,0.0
2026-01-26,1.149999976158142,1.149999976158142,1.0700000524520874,1.090000033378601,542000,1.0,0.0
2026-01-27,1.100000023841858,1.1699999570846558,1.0700000524520874,1.149999976158142,328200,1.0,0.0
2026-01-28,1.1399999856948853,1.1799999475479126,1.1200000047683716,1.1299999952316284,342600,1.0,0.0
2026-01-29,1.1299999952316284,1.1299999952316284,1.0700000524520874,1.090000033378601,260000,1.0,0.0
2026-01-30,1.0800000429153442,1.1100000143051147,1.0499999523162842,1.0700000524520874,219900,1.0,0.0
2026-02-02,1.059999942779541,1.1799999475479126,1.059999942779541,1.1399999856948853,482600,1.0,0.0
2026-02-03,1.1299999952316284,1.1799999475479126,1.090000033378601,1.1200000047683716,353700,1.0,0.0
2026-02-04,1.1200000047683716,1.1399999856948853,1.0199999809265137,1.0299999713897705,407000,1.0,0.0
2026-02-05,1.0299999713897705,1.0499999523162842,1.0,1.0,325900,1.0,0.0
2026-02-06,1.0,1.090000033378601,1.0,1.059999942779541,286900,1.0,0.0
2026-02-09,1.059999942779541,1.100000023841858,1.0399999618530273,1.0800000429153442,172900,1.0,0.0
2026-02-10,1.090000033378601,1.1200000047683716,1.0800000429153442,1.090000033378601,181100,1.0,0.0
2026-02-11,1.100000023841858,1.100000023841858,1.0399999618530273,1.090000033378601,256600,1.0,0.0
2026-02-12,1.0700000524520874,1.090000033378601,1.0,1.0199999809265137,196700,1.0,0.0
2026-02-13,1.0199999809265137,1.059999942779541,1.0,1.0099999904632568,140100,1.0,0.0
2026-02-17,1.0099999904632568,1.0299999713897705,0.9800000190734863,1.0299999713897705,261400,1.0,0.0
2026-02-18,1.0399999618530273,1.0700000524520874,1.0099999904632568,1.0499999523162842,367100,1.0,0.0
2026-02-19,1.0499999523162842,1.0499999523162842,0.9800000190734863,1.0099999904632568,280200,1.0,0.0
2026-02-20,1.0099999904632568,1.0299999713897705,0.949999988079071,0.949999988079071,393500,1.0,0.0
2026-02-23,0.949999988079071,0.9900000095367432,0.9200000166893005,0.9200000166893005,232500,1.0,0.0
2026-02-24,0.9100000262260437,0.949999988079071,0.8899999856948853,0.9399999976158142,170100,1.0,0.0
2026-02-25,0.9399999976158142,0.9399999976158142,0.8899999856948853,0.9300000071525574,298400,1.0,0.0
2026-02-26,0.9100000262260437,0.9599999785423279,0.9100000262260437,0.9300000071525574,149900,1.0,0.0
2026-02-27,0.9200000166893005,0.9399999976158142,0.8899999856948853,0.8999999761581421,265400,1.0,0.0
2026-03-02,0.8899999856948853,0.9300000071525574,0.8899999856948853,0.8999999761581421,219500,1.0,0.0
2026-03-03,0.8999999761581421,0.9200000166893005,0.8700000047683716,0.8999999761581421,260000,1.0,0.0
2026-03-04,0.8899999856948853,0.9100000262260437,0.8700000047683716,0.8899999856948853,267800,1.0,0.0
2026-03-05,0.8700000047683716,0.8999999761581421,0.8700000047683716,0.8899999856948853,220100,1.0,0.0
2026-03-06,0.8799999952316284,0.8999999761581421,0.8600000143051147,0.8700000047683716,274900,1.0,0.0
2026-03-09,0.8600000143051147,0.9300000071525574,0.8500000238418579,0.8999999761581421,310700,1.0,0.0
2026-03-10,0.9200000166893005,0.9200000166893005,0.8700000047683716,0.8799999952316284,388500,1.0,0.0
2026-03-11,0.8799999952316284,0.9300000071525574,0.8700000047683716,0.8999999761581421,280500,1.0,0.0
2026-03-12,0.8999999761581421,0.9100000262260437,0.8700000047683716,0.8999999761581421,127200,1.0,0.0
2026-03-13,0.9300000071525574,0.9300000071525574,0.8799999952316284,0.8999999761581421,321800,1.0,0.0
2026-03-16,0.8899999856948853,0.9700000286102295,0.8899999856948853,0.9599999785423279,440500,1.0,0.0
2026-03-17,0.9700000286102295,1.0800000429153442,0.9200000166893005,1.059999942779541,516300,1.0,0.0
2026-03-18,1.0499999523162842,1.0800000429153442,1.0099999904632568,1.0299999713897705,226400,1.0,0.0
2026-03-19,1.0199999809265137,1.0499999523162842,1.0,1.0299999713897705,181400,1.0,0.0
2026-03-20,1.0299999713897705,1.0499999523162842,0.9800000190734863,1.0499999523162842,224500,1.0,0.0
2026-03-23,1.0399999618530273,1.0499999523162842,0.9900000095367432,1.0199999809265137,143600,1.0,0.0
2026-03-24,1.0299999713897705,1.0499999523162842,1.0199999809265137,1.0299999713897705,306900,1.0,0.0
2026-03-25,1.0499999523162842,1.090000033378601,1.0299999713897705,1.0399999618530273,698200,1.0,0.0
2026-03-26,0.8999999761581421,0.949999988079071,0.8799999952316284,0.9399999976158142,743000,1.0,0.0
2026-03-27,0.9300000071525574,0.9399999976158142,0.8700000047683716,0.8700000047683716,245900,1.0,0.0
2026-03-30,0.8600000143051147,0.8799999952316284,0.8299999833106995,0.8500000238418579,299300,1.0,0.0
2026-03-31,0.8500000238418579,0.8999999761581421,0.8299999833106995,0.8899999856948853,108700,1.0,0.0
2026-04-01,0.8899999856948853,0.9399999976158142,0.8899999856948853,0.9300000071525574,163700,1.0,0.0
2026-04-02,0.9300000071525574,0.9599999785423279,0.8999999761581421,0.9599999785423279,125500,1.0,0.0
2026-04-06,0.9300000071525574,0.9700000286102295,0.8999999761581421,0.9599999785423279,182000,1.0,0.0
2026-04-07,0.9599999785423279,0.9599999785423279,0.9200000166893005,0.949999988079071,85600,1.0,0.0
2026-04-08,0.949999988079071,0.9700000286102295,0.9300000071525574,0.9399999976158142,150200,1.0,0.0
2026-04-09,0.9399999976158142,0.9599999785423279,0.9200000166893005,0.9300000071525574,93300,1.0,0.0
2026-04-10,0.9200000166893005,0.9399999976158142,0.8899999856948853,0.9100000262260437,156600,1.0,0.0
2026-04-13,0.8999999761581421,0.9399999976158142,0.8999999761581421,0.9399999976158142,37800,1.0,0.0
2026-04-14,0.9300000071525574,0.9399999976158142,0.8999999761581421,0.9300000071525574,156900,1.0,0.0
2026-04-15,0.8999999761581421,0.9300000071525574,0.8500000238418579,0.9200000166893005,517900,1.0,0.0
2026-04-16,0.9100000262260437,0.9300000071525574,0.8799999952316284,0.9200000166893005,144100,1.0,0.0
2026-04-17,0.9100000262260437,0.9399999976158142,0.8999999761581421,0.9100000262260437,194000,1.0,0.0
2026-04-20,0.8799999952316284,0.9399999976158142,0.8799999952316284,0.9399999976158142,191200,1.0,0.0
2026-04-21,0.9399999976158142,0.9399999976158142,0.8500000238418579,0.8700000047683716,490100,1.0,0.0
2026-04-22,0.8700000047683716,0.8899999856948853,0.8500000238418579,0.8600000143051147,235300,1.0,0.0
2026-04-23,0.8700000047683716,0.8999999761581421,0.8399999737739563,0.8600000143051147,162400,1.0,0.0
2026-04-24,0.8399999737739563,0.8700000047683716,0.8199999928474426,0.8700000047683716,186900,1.0,0.0
2026-04-27,0.8700000047683716,0.8999999761581421,0.8399999737739563,0.8500000238418579,169000,1.0,0.0
2026-04-28,0.8500000238418579,0.8899999856948853,0.8399999737739563,0.8899999856948853,207900,1.0,0.0
2026-04-29,0.8999999761581421,0.8999999761581421,0.8600000143051147,0.8999999761581421,180200,1.0,0.0
2026-04-30,0.8999999761581421,0.8999999761581421,0.8500000238418579,0.8799999952316284,187800,1.0,0.0
2026-05-01,0.8799999952316284,0.8999999761581421,0.8500000238418579,0.8899999856948853,149300,1.0,0.0
2026-05-04,0.8799999952316284,0.9200000166893005,0.8799999952316284,0.8899999856948853,148900,1.0,0.0
2026-05-05,0.8799999952316284,0.8999999761581421,0.8500000238418579,0.8600000143051147,264700,1.0,0.0
2026-05-06,0.8399999737739563,0.8600000143051147,0.7900000214576721,0.8100000023841858,862200,1.0,0.0
2026-05-07,0.800000011920929,0.800000011920929,0.7400000095367432,0.7799999713897705,550400,1.0,0.0
2026-05-08,0.7900000214576721,0.8399999737739563,0.7599999904632568,0.8299999833106995,290200,1.0,0.0
2026-05-11,0.8299999833106995,0.8500000238418579,0.8299999833106995,0.8399999737739563,125000,1.0,0.0
2026-05-12,0.8199999928474426,0.8500000238418579,0.8199999928474426,0.8399999737739563,204200,1.0,0.0
2026-05-13,0.8199999928474426,0.8399999737739563,0.7900000214576721,0.800000011920929,173200,1.0,0.0
2026-05-14,0.8299999833106995,0.8299999833106995,0.7799999713897705,0.800000011920929,154100,1.0,0.0
2026-05-15,0.800000011920929,0.800000011920929,0.7599999904632568,0.7900000214576721,379100,1.0,0.0
2026-05-18,0.7799999713897705,0.7900000214576721,0.7699999809265137,0.7799999713897705,134900,1.0,0.0
2026-05-19,0.7799999713897705,0.800000011920929,0.7699999809265137,0.800000011920929,95000,1.0,0.0
2026-05-20,0.8199999928474426,0.8399999737739563,0.7799999713897705,0.8199999928474426,616500,1.0,0.0
2026-05-21,0.800000011920929,0.8100000023841858,0.7900000214576721,0.8100000023841858,133700,1.0,0.0
2026-05-22,0.800000011920929,0.800000011920929,0.7799999713897705,0.7900000214576721,131000,1.0,0.0
2026-05-26,0.800000011920929,0.8100000023841858,0.75,0.7599999904632568,550100,1.0,0.0
2026-05-27,0.7799999713897705,0.7900000214576721,0.7400000095367432,0.7599999904632568,179000,1.0,0.0
2026-05-28,0.75,0.7599999904632568,0.7300000190734863,0.7599999904632568,212100,1.0,0.0
2026-05-29,0.7400000095367432,0.7599999904632568,0.7300000190734863,0.7400000095367432,242200,1.0,0.0
2026-06-01,0.7400000095367432,0.7400000095367432,0.7099999785423279,0.7200000286102295,450600,1.0,0.0
2026-06-02,0.7400000095367432,0.7400000095367432,0.6899999976158142,0.7099999785423279,780800,1.0,0.0
2026-06-03,0.7200000286102295,0.7200000286102295,0.6600000262260437,0.6800000071525574,578000,1.0,0.0
2026-06-04,0.6800000071525574,0.699999988079071,0.6700000166893005,0.699999988079071,310300,1.0,0.0
2026-06-05,0.6800000071525574,0.6899999976158142,0.6399999856948853,0.6600000262260437,421000,1.0,0.0
2026-06-08,0.6600000262260437,0.6800000071525574,0.6399999856948853,0.6600000262260437,319600,1.0,0.0
2026-06-09,0.6700000166893005,0.699999988079071,0.6600000262260437,0.6899999976158142,189500,1.0,0.0
2026-06-10,0.6800000071525574,0.6899999976158142,0.6399999856948853,0.6700000166893005,426000,1.0,0.0
2026-06-11,0.6600000262260437,0.6700000166893005,0.6000000238418579,0.6200000047683716,487400,1.0,0.0
2026-06-12,0.6200000047683716,0.6499999761581421,0.6200000047683716,0.6200000047683716,218300,1.0,0.0
2026-06-15,0.6200000047683716,0.6600000262260437,0.6200000047683716,0.6399999856948853,122200,1.0,0.0
2026-06-16,0.6600000262260437,0.6899999976158142,0.6399999856948853,0.6800000071525574,437200,1.0,0.0
2026-06-17,0.6600000262260437,0.6899999976158142,0.6499999761581421,0.6499999761581421,160400,1.0,0.0
2026-06-18,0.6499999761581421,0.6600000262260437,0.6399999856948853,0.6399999856948853,223500,1.0,0.0
2026-06-22,0.6600000262260437,0.6899999976158142,0.6499999761581421,0.6700000166893005,331700,1.0,0.0
2026-06-23,0.6600000262260437,0.6899999976158142,0.6600000262260437,0.6700000166893005,162000,1.0,0.0
2026-06-24,0.6700000166893005,0.6800000071525574,0.6700000166893005,0.6800000071525574,268100,1.0,0.0
2026-06-25,0.6700000166893005,0.6998000144958496,0.66839998960495,0.6700000166893005,351997,1.0,0.0
